{"accuracy": 0.8982678031344514, "confusion_matrix": [[414, 1, 4, 0, 3, 0, 4, 0, 0, 0], [11, 132, 23, 4, 7, 0, 21, 1, 0, 1], [1, 4, 369, 2, 2, 0, 4, 0, 0, 0], [3, 2, 2, 177, 3, 0, 4, 0, 0, 0], [24, 3, 5, 0, 297, 1, 22, 0, 1, 2], [2, 0, 10, 9, 1, 193, 105, 4, 1, 11], [1, 1, 2, 2, 1, 0, 271, 0, 1, 2], [12, 0, 2, 8, 2, 0, 7, 1040, 1, 0], [0, 0, 0, 2, 2, 2, 3, 0, 66, 0], [0, 0, 0, 0, 0, 0, 11, 0, 0, 308]], "class_names": ["Tomato___Bacterial_spot", "Tomato___Early_blight", "Tomato___Late_blight", "Tomato___Leaf_Mold", "Tomato___Septoria_leaf_spot", "Tomato___Spider_mites Two-spotted_spider_mite", "Tomato___Target_Spot", "Tomato___Tomato_Yellow_Leaf_Curl_Virus", "Tomato___Tomato_mosaic_virus", "Tomato___healthy"], "classification_report": {"Tomato___Bacterial_spot": {"precision": 0.8846153846153846, "recall": 0.971830985915493, "f1-score": 0.9261744966442953, "support": 426.0}, "Tomato___Early_blight": {"precision": 0.9230769230769231, "recall": 0.66, "f1-score": 0.7696793002915452, "support": 200.0}, "Tomato___Late_blight": {"precision": 0.8848920863309353, "recall": 0.9659685863874345, "f1-score": 0.9236545682102628, "support": 382.0}, "Tomato___Leaf_Mold": {"precision": 0.8676470588235294, "recall": 0.9267015706806283, "f1-score": 0.8962025316455696, "support": 191.0}, "Tomato___Septoria_leaf_spot": {"precision": 0.9339622641509434, "recall": 0.8366197183098592, "f1-score": 0.8826151560178306, "support": 355.0}, "Tomato___Spider_mites Two-spotted_spider_mite": {"precision": 0.9846938775510204, "recall": 0.5744047619047619, "f1-score": 0.7255639097744361, "support": 336.0}, "Tomato___Target_Spot": {"precision": 0.5995575221238938, "recall": 0.9644128113879004, "f1-score": 0.7394270122783083, "support": 281.0}, "Tomato___Tomato_Yellow_Leaf_Curl_Virus": {"precision": 0.9952153110047847, "recall": 0.9701492537313433, "f1-score": 0.9825224374114313, "support": 1072.0}, "Tomato___Tomato_mosaic_virus": {"precision": 0.9428571428571428, "recall": 0.88, "f1-score": 0.9103448275862069, "support": 75.0}, "Tomato___healthy": {"precision": 0.9506172839506173, "recall": 0.9655172413793104, "f1-score": 0.9580093312597201, "support": 319.0}, "accuracy": 0.8982678031344514, "macro avg": {"precision": 0.8967134854485174, "recall": 0.8715604929696731, "f1-score": 0.8714193571119606, "support": 3637.0}, "weighted avg": {"precision": 0.9174958280765615, "recall": 0.8982678031344514, "f1-score": 0.8975910531745996, "support": 3637.0}}}